<?xml version="1.0" encoding="UTF-8"?>
<npc name="Rashid" script="data/npc/scripts/Rashid.lua" walkinterval="2000" floorchange="0">
<health now="100" max="100"/>
<look type="146" head="99" body="102" legs="122" feet="115" addons="2"/>
<parameters>
<parameter key="module_shop" value="1" />
		<parameter	key="shop_sellable" 
					value=
					"
					dragon scale mail,2492,40000;
					dwarven armor,2503,30000;
					glacier robe,7897,11000;
					golden armor,2466,20000;
					hibiscus dress,8873,3000;
					leopard armor,3968,1000;
					Mammoth Fur Cape,7463,6000;
					Rusty Sword,8891,15000;
					Pirate Shirt,6095,500;
					Mammoth Fur Shorts,7464,850;
					Pirate Knee Breeches,5918,200;
					Norse Shield,7460,1500;
					Tortoise Shield,6131,150;
					Krimhorn Helmet,7461,200;
					Pirate Hat,6096,1000;
					Ragnir Helmet,7462,400;
					Skull Helmet,5741,40000;
					Fur Boots,7457,2000;
					Picture,2641,2000;
					Abyss Hammer,7414,20000;
					Amber Staff,7426,8000;
					Assassin Dagger,7404,20000;
					Berserker,7403,40000;
					Brutetamers Staff ,7379,1500;
					Lunar Staff,7427,9000;
					Cranial Basher,7415,30000;
					Crystal Sword,7449,600;
					Demonrage Sword,7382,36000;
					Diamond Sceptre,7387,3000;
					Dragon slayer,7402,15000;
					Dragonbone Staff,7430,3000;
					Northern Star,7409,10000;
					Furry Club,7432,1000;
					Heroic Axe,7389,30000;
					Jade Hammer,7422,25000;
					Mammoth Whopper,7381,300;
					Mercenary Sword,7386,12000;
					Mystic Blade,7384,30000;
					Nightmare Blade,7418,35000;
					Noble Axe,7456,10000;
					Relic Sword,7383,25000;
					Ruthless Axe,6553,45000;
					Royal Axe,7437,7000;
					Spiked Squelcher,7452,5000;
					Taurus Mace,7425,500;
					Vile Axe,7388,30000;
					Wyvern Fang,7408,1500;
					Pirate Voodoo Doll,5810,500;
					" 
		/>
        <parameter key="shop_buyable" value="obsidian knife,5908,50000"/>
		<parameter key="message_greet" value="Ah, a customer! Be greeted, |PLAYERNAME|!"/>
        <parameter key="message_farewell" value="Farewell, |PLAYERNAME|, may the winds guide your way."/>
		<parameter key="message_walkaway" value="Farewell, |PLAYERNAME|, may the winds guide your way." />
</parameters>
</npc>
